4;16;56;2008-02-21;15
5;11;10;2008-02-22;40
6;11;14;2008-02-22;40
7;11;15;2008-02-22;40
8;18;5;2008-02-22;40
9;18;10;2008-02-22;40
10;18;14;2008-02-22;40
11;18;24;2008-02-22;40
12;18;39;2008-02-22;15
13;39;12;2008-02-25;40
14;39;18;2008-02-25;40
15;39;20;2008-02-25;40
16;37;6;2008-02-28;40
17;29;47;2008-02-28;40
18;29;44;2008-02-28;40
19;29;43;2008-02-28;40
20;29;48;2008-02-28;40
21;29;41;2008-02-28;40
22;37;14;2008-02-29;40
23;33;47;2008-02-29;40
24;33;48;2008-02-29;40
25;33;42;2008-02-29;40
26;33;43;2008-02-29;40
27;33;44;2008-02-29;40
28;11;1;2008-03-07;40
30;46;25;2008-03-07;40
31;46;39;2008-03-07;15
32;46;5;2008-03-07;40
33;46;67;2008-03-07;15
34;46;15;2008-03-07;40
35;46;97;2008-03-07;0
36;46;93;2008-03-07;15
37;46;62;2008-03-07;30
38;46;94;2008-03-07;15
39;46;26;2008-03-07;40
40;29;97;2008-03-11;0
41;41;42;2008-03-11;40
42;41;60;2008-03-11;40
43;41;73;2008-03-11;40
44;41;45;2008-03-11;40
45;41;46;2008-03-12;40
46;41;44;2008-03-12;40
47;18;56;2008-03-12;15
48;29;31;2008-03-12;15
49;29;67;2008-03-12;15
50;29;57;2008-03-12;20
51;29;14;2008-03-12;40
52;29;15;2008-03-12;40
53;29;93;2008-03-12;15
54;29;65;2008-03-12;20
55;29;16;2008-03-12;40
56;29;24;2008-03-12;40
57;29;20;2008-03-12;40
58;29;39;2008-03-12;15
59;29;53;2008-03-12;40
60;18;16;2008-03-13;40
61;18;19;2008-03-13;40
62;18;25;2008-03-13;40
63;18;46;2008-03-13;40
64;18;30;2008-03-13;40
65;16;109;2008-03-17;20
66;39;102;2008-03-17;30
68;44;52;2008-03-19;15
69;44;97;2008-03-19;0
70;44;25;2008-03-19;40
71;16;114;2008-03-27;40
72;16;115;2008-03-28;40
73;29;103;2008-03-30;40
74;18;114;2008-04-04;40
75;29;35;2008-04-06;15
76;54;97;2008-04-09;0
77;16;97;2008-04-14;0
78;51;114;2008-04-15;40
79;16;139;2008-04-19;40
80;37;138;2008-04-22;40
81;37;24;2008-04-22;40
82;51;56;2008-04-23;15
83;58;97;2008-04-26;0
84;37;97;2008-04-30;0
85;37;56;2008-04-30;15
86;37;142;2008-04-30;40
87;37;25;2008-04-30;40
88;59;6;2008-05-01;40
89;59;67;2008-05-01;15
90;59;97;2008-05-01;0
91;59;15;2008-05-01;40
92;59;62;2008-05-01;30
93;44;136;2008-05-01;40
94;60;97;2008-05-01;0
95;61;97;2008-05-01;0
96;59;5;2008-05-02;40
97;59;52;2008-05-02;15
98;59;19;2008-05-02;40
99;63;97;2008-05-05;0
100;11;115;2008-05-06;40
101;18;21;2008-05-06;40
102;18;57;2008-05-06;20
103;64;97;2008-05-06;0
104;68;144;2008-05-14;50
105;30;97;2008-05-17;0
106;37;151;2008-05-22;30
107;37;150;2008-05-22;40
108;30;30;2008-05-23;40
109;30;24;2008-05-23;40
110;30;112;2008-05-23;40
111;30;93;2008-05-23;15
112;30;67;2008-05-23;15
113;30;52;2008-05-23;15
114;30;5;2008-05-23;40
115;30;145;2008-05-23;30
116;30;143;2008-05-23;40
117;30;115;2008-05-23;40
118;30;106;2008-05-23;40
119;30;72;2008-05-24;15
120;66;144;2008-05-24;50
121;16;142;2008-05-31;40
122;71;1;2008-06-06;40
123;71;109;2008-06-06;20
124;22;97;2008-06-10;0
125;37;153;2008-06-13;40
126;39;156;2008-06-24;40
127;39;97;2008-06-24;0
128;39;114;2008-06-24;40
129;71;139;2008-06-30;40
130;71;56;2008-06-30;15
131;71;104;2008-06-30;40
132;71;114;2008-06-30;40
133;71;47;2008-06-30;40
134;71;46;2008-06-30;40
135;71;10;2008-06-30;40
136;71;42;2008-06-30;40
137;71;115;2008-06-30;40
138;71;151;2008-06-30;30
139;71;49;2008-06-30;40
140;71;92;2008-06-30;40
141;71;111;2008-06-30;30
142;75;97;2008-07-05;0
143;16;135;2008-07-08;30
144;20;8;2008-07-12;50
145;20;24;2008-07-12;40
146;37;160;2008-07-14;40
147;37;162;2008-07-14;40
148;78;78;2008-07-15;40
149;78;33;2008-07-15;40
150;16;102;2008-07-18;30
151;16;176;2008-07-20;40
152;16;175;2008-07-20;40
153;16;174;2008-07-20;40
154;37;175;2008-07-21;40
155;16;178;2008-07-22;40
156;16;179;2008-07-22;40
157;20;38;2008-07-22;40
158;80;97;2008-07-22;0
159;39;175;2008-07-24;40
160;80;10;2008-07-25;40
161;80;167;2008-07-25;40
162;80;176;2008-07-25;40
163;80;115;2008-07-25;40
164;80;160;2008-07-25;40
165;80;162;2008-07-25;40
166;80;14;2008-07-25;40
167;80;16;2008-07-25;40
168;80;71;2008-07-25;40
169;80;138;2008-07-25;40
170;83;97;2008-07-27;0
171;84;97;2008-07-27;0
172;33;109;2008-07-29;20
173;33;105;2008-07-29;40
174;33;32;2008-07-29;40
175;33;104;2008-07-29;40
176;33;114;2008-07-29;40
177;33;46;2008-07-29;40
178;33;115;2008-07-29;40
179;33;176;2008-07-29;40
180;33;103;2008-07-29;40
181;33;45;2008-07-29;40
182;11;162;2008-07-30;40
183;16;183;2008-08-01;40
184;37;182;2008-08-03;30
185;11;110;2008-08-06;40
186;33;41;2008-08-06;40
187;33;18;2008-08-06;40
188;33;20;2008-08-06;40
189;33;60;2008-08-06;40
190;33;92;2008-08-06;40
191;33;116;2008-08-06;40
193;33;29;2008-08-06;40
194;33;73;2008-08-06;40
195;33;156;2008-08-06;40
196;33;154;2008-08-06;20
197;44;169;2008-08-06;40
198;44;6;2008-08-06;40
199;51;134;2008-08-06;40
200;51;70;2008-08-06;40
201;51;107;2008-08-06;40
202;44;14;2008-09-05;40
203;94;97;2008-09-11;0
204;18;6;2008-09-11;40
205;18;12;2008-09-11;40
206;18;174;2008-09-11;40
207;18;110;2008-09-11;40
208;30;183;2008-09-14;40
209;97;97;2008-09-18;0
210;98;97;2008-09-18;0
211;104;97;2008-09-30;0
212;11;193;2008-10-02;45
213;80;29;2008-10-03;40
214;80;186;2008-10-03;40
215;80;30;2008-10-03;40
216;16;196;2008-10-03;40
217;80;53;2008-10-04;40
218;80;39;2008-10-04;15
219;80;154;2008-10-04;20
220;80;57;2008-10-04;20
221;80;191;2008-10-04;30
222;80;137;2008-10-04;40
223;80;26;2008-10-04;40
224;80;151;2008-10-04;30
225;80;52;2008-10-04;15
226;80;86;2008-10-04;15
227;80;89;2008-10-04;15
228;11;197;2008-10-06;30
229;11;183;2008-10-10;40
230;108;97;2008-10-10;0
231;16;200;2008-10-13;40
232;39;200;2008-10-16;40
233;39;195;2008-10-16;40
234;39;169;2008-10-16;40
235;39;182;2008-10-16;30
236;51;18;2008-10-19;40
237;51;186;2008-10-19;40
238;51;20;2008-10-19;40
239;11;109;2008-10-23;20
240;37;207;2008-10-27;25
241;37;206;2008-10-27;25
242;37;205;2008-10-27;25
243;37;204;2008-10-27;25
244;37;208;2008-10-28;25
245;37;114;2008-10-28;40
246;37;8;2008-10-28;50
247;37;115;2008-10-28;40
248;37;106;2008-10-28;40
249;37;209;2008-10-28;35
250;37;201;2008-10-28;30
251;115;97;2008-10-28;0
252;51;110;2008-10-28;40
253;51;151;2008-10-28;30
254;51;32;2008-10-28;40
255;37;210;2008-10-29;35
256;117;97;2008-10-29;0
257;119;97;2008-10-29;0
258;118;1;2008-11-01;40
259;118;183;2008-11-01;40
260;118;187;2008-11-01;40
261;118;200;2008-11-01;40
262;118;196;2008-11-01;40
263;118;18;2008-11-01;40
264;118;20;2008-11-01;40
265;118;203;2008-11-01;40
266;118;86;2008-11-01;15
267;118;102;2008-11-01;30
268;118;135;2008-11-01;30
269;118;158;2008-11-01;30
270;118;209;2008-11-01;35
271;118;169;2008-11-01;40
272;118;186;2008-11-01;40
273;118;39;2008-11-01;15
274;118;53;2008-11-01;40
275;118;180;2008-11-01;40
276;118;14;2008-11-01;40
277;118;15;2008-11-01;40
278;118;26;2008-11-01;40
279;118;137;2008-11-01;40
280;116;166;2008-11-04;40
281;116;169;2008-11-04;40
282;116;39;2008-11-04;15
283;116;106;2008-11-04;40
284;116;15;2008-11-04;40
285;116;212;2008-11-04;40
286;116;65;2008-11-04;20
287;16;212;2008-11-04;40
288;74;213;2008-11-05;40
289;74;14;2008-11-05;40
290;74;52;2008-11-05;15
291;74;93;2008-11-05;15
292;120;56;2008-11-06;15
293;120;31;2008-11-06;15
294;120;6;2008-11-06;40
295;120;153;2008-11-06;40
296;120;10;2008-11-06;40
297;120;57;2008-11-06;20
298;120;19;2008-11-06;40
299;120;138;2008-11-06;40
300;120;24;2008-11-06;40
301;120;75;2008-11-06;40
302;120;26;2008-11-06;40
303;120;155;2008-11-06;40
304;74;214;2008-11-06;55
305;16;214;2008-11-07;55
306;37;216;2008-11-09;40
307;37;214;2008-11-09;55
308;37;212;2008-11-09;40
309;74;216;2008-11-10;40
310;123;97;2008-11-10;0
311;124;97;2008-11-10;0
312;118;115;2008-11-11;40
313;118;217;2008-11-11;50
314;37;217;2008-11-11;50
315;16;217;2008-11-12;50
316;74;217;2008-11-12;50
317;126;97;2008-11-13;0
318;127;97;2008-11-13;0
319;128;97;2008-11-13;0
320;16;219;2008-11-15;30
321;129;97;2008-11-16;0
322;51;40;2008-11-17;40
323;37;223;2008-11-18;40
324;37;221;2008-11-18;40
325;37;222;2008-11-19;30
326;121;202;2008-11-20;45
327;121;144;2008-11-20;50
328;121;97;2008-11-20;0
329;121;108;2008-11-20;50
330;105;224;2008-11-20;40
331;130;202;2008-11-20;45
332;80;42;2008-11-21;40
333;80;185;2008-11-21;40
334;80;212;2008-11-21;40
335;80;99;2008-11-21;20
336;37;10;2008-11-21;40
337;80;219;2008-11-21;30
338;80;19;2008-11-21;40
339;80;155;2008-11-21;40
340;80;3;2008-11-21;40
341;80;37;2008-11-21;40
342;80;223;2008-11-21;40
343;80;34;2008-11-21;15
344;80;72;2008-11-21;15
345;135;97;2008-11-21;0
346;16;225;2008-11-23;30
347;16;226;2008-11-23;45
348;133;211;2008-11-24;30
349;118;213;2008-11-26;40
350;37;98;2008-11-26;40
351;118;214;2008-11-27;55
352;120;199;2008-11-28;45
353;74;223;2008-11-28;40
354;134;134;2008-11-28;40
355;134;111;2008-11-28;30
356;134;180;2008-11-28;40
357;74;221;2008-11-28;40
358;134;7;2008-11-28;20
359;134;222;2008-11-28;30
360;37;198;2008-11-29;40
361;44;203;2008-11-30;40
362;74;228;2008-11-30;40
363;44;158;2008-12-01;30
364;139;78;2008-12-02;40
365;74;30;2008-12-03;40
366;74;94;2008-12-03;15
367;11;2;2008-12-03;50
368;140;1;2008-12-03;40
369;74;125;2008-12-04;30
370;71;186;2008-12-07;40
371;71;216;2008-12-07;40
372;141;97;2008-12-08;0
373;74;166;2008-12-08;40
374;71;182;2008-12-13;30
375;105;134;2008-12-13;40
376;44;227;2008-12-14;40
377;44;31;2008-12-14;15
378;44;115;2008-12-14;40
379;74;231;2008-12-14;45
380;74;230;2008-12-14;40
381;16;231;2008-12-15;45
383;30;179;2008-12-17;40
384;30;182;2008-12-17;30
385;30;84;2008-12-17;15
386;39;226;2008-12-18;45
387;105;235;2008-12-21;40
388;146;234;2008-12-22;45
389;142;215;2008-12-23;40
390;37;237;2008-12-26;30
391;134;182;2008-12-28;30
392;134;212;2008-12-28;40
393;134;41;2008-12-28;40
394;142;214;2008-12-29;55
395;140;233;2008-12-29;45
396;140;160;2008-12-29;40
397;140;6;2008-12-29;40
398;140;5;2008-12-29;40
399;140;19;2008-12-29;40
400;140;240;2008-12-31;45
401;16;237;2009-01-02;30
402;16;241;2009-01-03;40
403;134;14;2009-01-05;40
404;134;24;2009-01-05;40
405;148;32;2009-01-06;40
406;148;3;2009-01-06;40
407;148;223;2009-01-06;40
408;148;56;2009-01-06;15
409;148;6;2009-01-06;40
410;148;39;2009-01-06;15
411;148;175;2009-01-06;40
412;148;67;2009-01-06;15
413;148;153;2009-01-06;40
414;148;10;2009-01-06;40
415;148;176;2009-01-06;40
416;148;11;2009-01-06;50
417;148;15;2009-01-06;40
418;148;212;2009-01-06;40
419;148;65;2009-01-06;20
420;148;62;2009-01-06;30
421;148;93;2009-01-06;15
422;148;21;2009-01-06;40
423;148;89;2009-01-06;15
424;148;225;2009-01-06;30
425;148;132;2009-01-06;50
426;148;75;2009-01-06;40
427;148;235;2009-01-06;40
428;148;26;2009-01-06;40
429;148;221;2009-01-06;40
430;148;214;2009-01-06;55
431;148;217;2009-01-06;50
432;148;229;2009-01-06;40
433;148;16;2009-01-06;40
434;148;202;2009-01-06;45
435;148;178;2009-01-06;40
436;148;154;2009-01-06;20
437;148;34;2009-01-06;15
438;148;31;2009-01-06;15
439;148;24;2009-01-06;40
440;148;84;2009-01-06;15
441;148;138;2009-01-06;40
442;148;237;2009-01-06;30
443;29;183;2009-01-08;40
444;29;200;2009-01-08;40
445;29;239;2009-01-08;40
446;29;144;2009-01-08;50
447;29;86;2009-01-08;15
448;11;86;2009-01-09;15
449;150;97;2009-01-10;0
450;59;217;2009-01-10;50
451;16;245;2009-01-11;40
452;74;73;2009-01-15;40
453;148;14;2009-01-16;40
454;148;115;2009-01-16;40
455;148;245;2009-01-16;40
456;148;216;2009-01-16;40
457;148;160;2009-01-16;40
458;154;15;2009-01-17;40
459;154;6;2009-01-17;40
460;154;93;2009-01-17;15
461;154;197;2009-01-17;30
462;154;202;2009-01-17;45
463;157;97;2009-01-19;0
464;153;182;2009-01-19;30
465;153;214;2009-01-19;55
466;153;217;2009-01-19;50
467;153;188;2009-01-19;30
468;153;222;2009-01-19;30
469;134;185;2009-01-19;40
470;20;199;2009-01-19;45
471;20;244;2009-01-19;45
472;20;10;2009-01-19;40
473;20;29;2009-01-19;40
474;20;59;2009-01-19;15
475;59;166;2009-01-20;40
476;59;214;2009-01-20;55
477;155;243;2009-01-21;45
478;159;225;2009-01-27;30
479;156;183;2009-01-27;40
480;156;1;2009-01-28;40
481;156;42;2009-01-28;40
483;44;138;2009-01-29;40
484;71;226;2009-01-29;45
485;51;115;2009-01-30;40
486;164;97;2009-01-31;0
487;148;63;2009-02-03;15
488;148;106;2009-02-03;40
489;148;151;2009-02-03;30
490;148;158;2009-02-03;30
491;18;97;2009-02-10;0
492;165;14;2009-02-10;40
493;37;252;2009-02-11;30
494;16;252;2009-02-11;30
495;16;256;2009-02-13;30
496;134;256;2009-02-13;30
497;134;115;2009-02-13;40
498;134;142;2009-02-13;40
499;29;7;2009-02-13;20
500;16;254;2009-02-14;35
501;74;226;2009-02-15;45
502;37;258;2009-02-16;50
503;16;260;2009-02-17;40
504;16;259;2009-02-17;45
505;37;260;2009-02-17;40
506;74;262;2009-02-19;40
507;16;262;2009-02-19;40
508;74;122;2009-02-20;30
509;39;256;2009-02-23;30
510;39;245;2009-02-23;40
511;167;223;2009-02-25;40
512;11;223;2009-02-25;40
513;167;6;2009-02-25;40
514;167;5;2009-02-25;40
515;167;14;2009-02-25;40
516;167;214;2009-02-25;55
517;155;96;2009-02-26;20
518;155;225;2009-02-26;30
519;155;63;2009-02-26;15
520;155;236;2009-02-26;45
522;167;217;2009-02-26;50
523;167;258;2009-02-26;50
524;167;138;2009-02-26;40
525;167;221;2009-02-26;40
526;167;26;2009-02-26;40
527;167;89;2009-02-26;15
528;142;155;2009-02-28;40
529;142;31;2009-02-28;15
530;142;223;2009-02-28;40
531;142;15;2009-02-28;40
532;142;106;2009-02-28;40
533;142;174;2009-02-28;40
534;142;138;2009-02-28;40
535;142;24;2009-02-28;40
536;142;102;2009-02-28;30
537;142;26;2009-02-28;40
538;142;14;2009-02-28;40
539;169;243;2009-03-03;45
540;18;255;2009-03-09;40
541;18;254;2009-03-09;35
542;18;162;2009-03-09;40
543;146;199;2009-03-10;45
544;37;176;2009-03-10;40
545;37;190;2009-03-10;40
546;37;1;2009-03-10;40
547;37;254;2009-03-10;35
548;169;144;2009-03-12;50
549;173;97;2009-03-14;0
550;51;254;2009-03-16;35
551;154;106;2009-03-17;40
552;154;154;2009-03-17;20
553;154;65;2009-03-17;20
554;177;97;2009-03-23;0
555;179;97;2009-03-24;0
556;185;274;2009-03-31;45
557;185;272;2009-03-31;40
558;185;271;2009-03-31;40
559;186;243;2009-04-01;45
560;178;84;2009-04-01;15
561;178;225;2009-04-01;30
562;178;255;2009-04-01;40
563;178;249;2009-04-01;45
564;185;277;2009-04-04;45
565;11;11;2009-04-04;50
566;178;14;2009-04-06;40
567;178;153;2009-04-06;40
568;37;277;2009-04-06;45
569;185;278;2009-04-09;45
570;39;115;2009-04-12;40
571;39;150;2009-04-12;40
572;191;97;2009-04-16;0
573;189;154;2009-04-16;20
574;189;231;2009-04-16;45
575;189;167;2009-04-16;40
576;189;9;2009-04-16;40
577;189;134;2009-04-16;40
578;189;254;2009-04-16;35
579;189;212;2009-04-16;40
580;16;280;2009-04-16;40
581;37;280;2009-04-16;40
582;189;135;2009-04-16;30
583;189;143;2009-04-23;40
584;189;31;2009-04-23;15
585;189;39;2009-04-23;15
586;189;60;2009-04-23;40
587;189;86;2009-04-23;15
588;189;68;2009-04-23;20
589;74;40;2009-04-25;40
590;74;117;2009-04-25;40
591;37;282;2009-05-06;40
592;16;282;2009-05-10;40
593;185;285;2009-05-12;45
595;189;280;2009-05-16;40
596;196;3;2009-05-17;40
597;33;195;2009-05-22;40
598;33;3;2009-05-22;40
599;33;155;2009-05-22;40
600;33;282;2009-05-22;40
601;33;259;2009-05-22;45
602;33;107;2009-05-22;40
603;33;223;2009-05-22;40
604;33;260;2009-05-22;40
605;33;175;2009-05-22;40
606;33;40;2009-05-22;40
607;33;190;2009-05-22;40
608;33;57;2009-05-22;20
609;33;254;2009-05-22;35
610;198;97;2009-05-28;0
612;197;6;2009-05-31;40
613;197;5;2009-05-31;40
614;197;217;2009-05-31;50
615;197;67;2009-05-31;15
616;197;93;2009-05-31;15
617;185;294;2009-05-31;50
618;200;97;2009-06-01;0
619;134;286;2009-06-02;45
620;134;285;2009-06-02;45
621;178;178;2009-06-05;40
622;178;58;2009-06-05;15
623;178;282;2009-06-05;40
624;178;93;2009-06-05;15
625;178;137;2009-06-05;40
626;178;26;2009-06-05;40
627;207;97;2009-06-10;0
628;74;293;2009-06-12;40
629;185;299;2009-06-14;40
630;207;211;2009-06-14;40
631;207;226;2009-06-14;45
632;207;64;2009-06-14;20
633;207;285;2009-06-14;45
634;207;286;2009-06-14;45
635;207;244;2009-06-14;45
636;39;298;2009-06-15;40
637;33;200;2009-06-16;40
638;33;228;2009-06-16;40
639;33;12;2009-06-16;40
640;33;49;2009-06-16;40
641;33;196;2009-06-16;40
642;33;293;2009-06-16;40
643;33;267;2009-06-16;35
644;33;258;2009-06-16;50
645;33;214;2009-06-16;55
646;33;217;2009-06-16;50
647;33;250;2009-06-16;40
648;33;102;2009-06-16;30
649;74;303;2009-06-21;40
650;37;302;2009-06-21;55
651;37;303;2009-06-21;40
652;173;270;2009-07-04;50
653;173;304;2009-07-04;50
654;173;186;2009-07-04;40
655;173;276;2009-07-04;45
656;185;314;2009-07-09;40
657;33;56;2009-07-10;15
658;33;160;2009-07-10;40
659;33;31;2009-07-10;15
660;33;6;2009-07-10;40
661;33;53;2009-07-10;40
662;33;245;2009-07-10;40
663;33;180;2009-07-10;40
664;33;178;2009-07-10;40
665;33;14;2009-07-10;40
666;33;15;2009-07-10;40
667;33;280;2009-07-10;40
668;33;16;2009-07-10;40
669;33;62;2009-07-10;30
670;33;134;2009-07-10;40
671;213;109;2009-07-20;20
672;213;195;2009-07-20;40
673;213;46;2009-07-20;40
674;213;47;2009-07-20;40
675;213;178;2009-07-20;40
676;213;253;2009-07-20;40
677;213;176;2009-07-20;40
678;213;228;2009-07-20;40
679;213;65;2009-07-20;20
680;213;18;2009-07-20;40
681;213;49;2009-07-20;40
682;213;258;2009-07-20;50
683;213;214;2009-07-20;55
684;213;26;2009-07-20;40
685;213;30;2009-07-20;40
686;213;110;2009-07-20;40
687;213;201;2009-07-20;30
688;213;217;2009-07-20;50
689;213;92;2009-07-20;40
690;213;191;2009-07-20;30
691;213;280;2009-07-20;40
692;213;299;2009-07-20;40
693;213;106;2009-07-20;40
694;213;138;2009-07-20;40
695;213;42;2009-07-20;40
696;213;102;2009-07-20;30
697;213;315;2009-07-20;40
698;213;226;2009-07-21;45
699;213;196;2009-07-21;40
700;213;7;2009-07-21;20
701;213;5;2009-07-21;40
702;213;25;2009-07-21;40
703;213;115;2009-07-21;40
704;213;151;2009-07-21;30
705;214;204;2009-07-21;25
706;214;160;2009-07-21;40
707;214;5;2009-07-21;40
708;214;15;2009-07-21;40
709;214;258;2009-07-21;50
710;214;111;2009-07-21;30
711;214;30;2009-07-21;40
712;214;67;2009-07-21;15
713;214;214;2009-07-21;55
714;214;21;2009-07-21;40
715;214;281;2009-07-21;45
716;214;143;2009-07-21;40
717;214;16;2009-07-21;40
718;220;97;2009-07-26;0
719;222;97;2009-08-02;0
720;185;325;2009-08-11;40
721;16;325;2009-08-13;40
722;225;183;2009-08-20;40
723;16;5;2009-08-20;40
724;226;316;2009-08-20;30
725;223;76;2009-08-23;40
726;71;188;2009-08-27;30
727;230;97;2009-08-28;0
728;39;327;2009-08-31;40
729;223;175;2009-09-02;40
730;37;154;2009-09-03;20
731;223;299;2009-09-04;40
732;223;253;2009-09-04;40
733;223;226;2009-09-04;45
734;223;243;2009-09-04;45
735;223;227;2009-09-04;40
736;223;71;2009-09-04;40
737;223;69;2009-09-04;40
738;223;100;2009-09-04;50
739;223;247;2009-09-04;45
740;33;139;2009-09-08;40
741;33;256;2009-09-08;30
742;33;10;2009-09-08;40
743;33;255;2009-09-08;40
744;33;253;2009-09-08;40
745;33;174;2009-09-08;40
746;33;212;2009-09-08;40
747;33;179;2009-09-08;40
748;33;191;2009-09-08;30
749;33;222;2009-09-08;30
750;33;138;2009-09-08;40
751;33;188;2009-09-08;30
752;33;137;2009-09-08;40
753;33;69;2009-09-08;40
754;33;89;2009-09-08;15
755;33;21;2009-09-08;40
756;33;146;2009-09-08;40
757;33;281;2009-09-08;45
758;33;237;2009-09-08;30
759;33;50;2009-09-08;40
760;33;136;2009-09-08;40
761;33;24;2009-09-08;40
762;33;221;2009-09-08;40
763;33;197;2009-09-08;30
764;33;26;2009-09-08;40
765;33;110;2009-09-08;40
766;33;98;2009-09-08;40
767;33;111;2009-09-08;30
768;33;326;2009-09-08;45
769;33;30;2009-09-08;40
770;33;25;2009-09-08;40
771;33;225;2009-09-08;30
772;33;84;2009-09-08;15
773;185;330;2009-09-12;45
774;233;188;2009-09-14;30
775;233;54;2009-09-19;20
776;233;162;2009-09-19;40
777;185;344;2009-09-19;45
778;37;344;2009-09-19;45
779;185;345;2009-09-20;40
780;51;345;2009-09-20;40
781;51;97;2009-09-20;0
782;51;65;2009-09-20;20
783;44;15;2009-09-23;40
784;44;280;2009-09-23;40
785;134;344;2009-09-30;45
786;185;182;2009-10-03;30
787;185;107;2009-10-03;40
788;185;183;2009-10-03;40
789;185;16;2009-10-03;40
790;237;344;2009-10-06;45
791;237;60;2009-10-07;40
792;237;49;2009-10-10;40
793;237;12;2009-10-10;40
794;237;151;2009-10-10;30
795;245;97;2009-10-15;0
796;242;218;2009-10-16;45
797;242;199;2009-10-16;45
798;16;348;2009-10-17;40
799;237;3;2009-10-18;40
800;237;32;2009-10-18;40
801;237;56;2009-10-18;15
802;237;104;2009-10-18;40
803;237;107;2009-10-18;40
804;237;175;2009-10-18;40
805;237;47;2009-10-18;40
806;237;42;2009-10-18;40
807;237;212;2009-10-18;40
808;237;191;2009-10-18;30
809;243;276;2009-10-21;45
810;243;222;2009-10-21;30
811;243;102;2009-10-21;30
812;243;150;2009-10-21;40
813;44;110;2009-10-22;40
814;44;42;2009-10-22;40
815;186;218;2009-10-26;45
816;243;106;2009-10-28;40
817;250;97;2009-11-01;0
818;37;353;2009-11-07;40
819;134;243;2009-11-08;45
820;251;97;2009-11-12;0
821;148;74;2009-11-17;15
822;148;283;2009-11-17;40
823;148;25;2009-11-17;40
824;148;167;2009-11-17;40
826;252;56;2009-11-19;15
827;252;53;2009-11-19;40
828;252;42;2009-11-19;40
829;252;49;2009-11-19;40
830;252;89;2009-11-19;15
831;252;136;2009-11-19;40
832;252;212;2009-11-19;40
833;252;57;2009-11-19;20
834;254;358;2009-12-02;55
835;16;367;2009-12-05;15
836;237;9;2009-12-07;40
837;146;97;2009-12-14;0
838;146;249;2009-12-15;45
839;37;367;2009-12-26;15
840;213;14;2009-12-26;40
841;213;223;2009-12-26;40
842;18;34;2009-12-27;15
843;18;51;2009-12-27;20
844;213;131;2009-12-28;50
845;148;207;2009-12-28;25
846;148;17;2009-12-28;50
847;148;51;2009-12-28;20
848;148;191;2009-12-28;30
849;148;258;2009-12-28;50
850;213;221;2009-12-28;40
851;148;180;2009-12-28;40
852;148;57;2009-12-28;20
853;148;280;2009-12-28;40
854;148;248;2009-12-28;45
855;148;162;2009-12-28;40
856;148;188;2009-12-28;30
857;148;199;2009-12-28;45
858;148;276;2009-12-28;45
859;148;68;2009-12-28;20
860;148;344;2009-12-28;45
861;213;45;2009-12-29;40
862;213;260;2009-12-29;40
863;213;281;2009-12-29;45
864;51;347;2010-01-02;30
865;51;281;2010-01-02;45
866;51;136;2010-01-02;40
867;51;102;2010-01-02;30
868;51;150;2010-01-02;40
869;37;375;2010-01-05;40
870;260;97;2010-01-05;0
871;260;69;2010-01-08;40
872;260;40;2010-01-08;40
873;260;174;2010-01-08;40
874;74;385;2010-01-08;40
875;74;151;2010-01-08;30
876;260;175;2010-01-08;40
877;134;346;2010-01-18;30
878;51;282;2010-01-31;40
879;264;381;2010-02-03;30
880;105;211;2010-02-04;40
881;267;188;2010-02-05;30
882;267;115;2010-02-05;40
883;267;93;2010-02-08;15
884;267;65;2010-02-08;20
885;267;52;2010-02-08;15
886;267;39;2010-02-08;15
887;267;150;2010-02-08;40
888;267;385;2010-02-10;40
889;267;10;2010-02-10;40
890;267;41;2010-02-10;40
891;51;11;2010-02-10;50
892;268;214;2010-02-10;55
893;268;217;2010-02-10;50
894;268;56;2010-02-11;15
895;268;367;2010-02-11;15
896;134;390;2010-02-11;45
897;268;175;2010-02-11;40
898;268;10;2010-02-11;40
899;268;115;2010-02-11;40
900;268;174;2010-02-11;40
901;268;212;2010-02-11;40
902;268;225;2010-02-11;30
903;270;97;2010-02-11;0
904;156;50;2010-02-13;40
905;271;97;2010-02-19;0
906;16;10;2010-02-23;40
907;51;72;2010-02-24;15
908;51;6;2010-02-24;40
909;274;160;2010-02-25;40
910;274;5;2010-02-25;40
911;274;177;2010-02-25;40
912;274;260;2010-02-25;40
913;274;26;2010-02-25;40
914;274;178;2010-02-25;40
915;274;217;2010-02-25;50
916;274;214;2010-02-25;55
917;274;89;2010-02-25;15
918;274;221;2010-02-25;40
919;274;67;2010-02-25;15
920;274;153;2010-02-25;40
921;273;198;2010-03-02;40
922;273;169;2010-03-02;40
923;273;39;2010-03-02;15
924;273;5;2010-03-02;40
925;273;245;2010-03-02;40
926;273;260;2010-03-02;40
927;273;345;2010-03-02;40
928;273;180;2010-03-02;40
929;273;348;2010-03-02;40
930;273;52;2010-03-02;15
931;273;67;2010-03-02;15
932;273;351;2010-03-02;45
933;273;57;2010-03-02;20
934;273;14;2010-03-02;40
935;273;15;2010-03-02;40
936;273;95;2010-03-02;15
937;273;49;2010-03-02;40
938;273;97;2010-03-02;0
939;273;93;2010-03-02;15
940;278;329;2010-03-03;40
941;278;311;2010-03-03;45
942;278;37;2010-03-03;40
943;278;27;2010-03-03;40
944;273;125;2010-03-03;30
945;273;92;2010-03-03;40
946;273;258;2010-03-03;50
947;273;217;2010-03-03;50
948;273;231;2010-03-03;45
949;273;126;2010-03-03;30
950;273;385;2010-03-03;40
951;273;404;2010-03-03;30
952;273;110;2010-03-03;40
953;273;77;2010-03-03;40
954;282;401;2010-03-06;40
955;286;97;2010-03-07;0
956;233;187;2010-03-10;40
957;233;254;2010-03-10;35
958;134;404;2010-03-11;30
959;288;97;2010-03-13;0
960;274;36;2010-03-14;15
961;146;390;2010-03-21;45
962;16;405;2010-03-22;40
963;260;372;2010-03-24;40
964;295;344;2010-04-01;45
965;295;188;2010-04-01;30
966;295;146;2010-04-01;40
967;295;179;2010-04-01;40
968;295;151;2010-04-01;30
969;295;140;2010-04-01;50
970;295;17;2010-04-01;50
971;295;134;2010-04-01;40
972;295;166;2010-04-01;40
973;16;412;2010-04-07;35
974;297;401;2010-04-08;40
975;297;78;2010-04-08;40
976;298;285;2010-04-14;45
977;173;292;2010-04-17;45
978;173;185;2010-04-17;40
979;173;372;2010-04-17;40
980;173;373;2010-04-17;40
981;173;380;2010-04-17;25
982;173;170;2010-04-17;40
983;173;382;2010-04-18;40
984;173;384;2010-04-18;30
985;173;405;2010-04-20;40
986;173;162;2010-04-20;40
987;173;402;2010-04-20;30
988;301;367;2010-04-28;15
989;301;38;2010-04-28;40
990;301;39;2010-04-28;15
991;301;178;2010-04-28;40
992;301;15;2010-04-28;40
993;301;219;2010-04-28;30
994;301;258;2010-04-28;50
995;301;214;2010-04-28;55
996;301;217;2010-04-28;50
997;301;279;2010-04-28;45
998;301;53;2010-04-28;40
999;301;52;2010-04-28;15
1000;301;280;2010-04-28;40
1001;301;89;2010-04-28;15
1002;303;363;2010-05-03;45
1003;298;286;2010-05-04;45
1004;298;226;2010-05-04;45
1005;173;68;2010-05-09;20
1006;173;191;2010-05-09;30
1007;173;285;2010-05-09;45
1009;33;247;2010-05-10;45
1010;33;177;2010-05-10;40
1011;33;345;2010-05-10;40
1012;33;382;2010-05-10;40
1013;33;304;2010-05-10;50
1014;33;384;2010-05-10;30
1015;33;33;2010-05-11;40
1016;33;374;2010-05-11;40
1017;33;52;2010-05-11;15
1018;33;291;2010-05-11;45
1019;33;410;2010-05-11;40
1020;33;412;2010-05-11;35
1021;33;248;2010-05-11;45
1022;33;230;2010-05-11;40
1024;33;186;2010-05-11;40
1025;33;375;2010-05-11;40
1026;33;117;2010-05-11;40
1027;33;380;2010-05-11;25
1028;33;158;2010-05-11;30
1029;305;270;2010-05-12;50
1030;37;19;2010-05-27;40
1031;16;425;2010-06-20;40
1032;16;419;2010-06-20;45
1033;322;236;2010-07-02;45
1034;322;307;2010-07-02;45
1035;322;272;2010-07-02;40
1036;322;143;2010-07-02;40
1037;322;385;2010-07-02;40
1038;322;148;2010-07-04;40
1039;322;299;2010-07-04;40
1040;322;47;2010-07-04;40
1041;322;306;2010-07-04;50
1042;321;286;2010-07-05;45
1043;322;283;2010-07-06;40
1044;322;193;2010-07-06;45
1045;148;256;2010-07-12;30
1046;148;287;2010-07-12;45
1047;148;378;2010-07-12;50
1048;51;367;2010-07-12;15
1049;51;38;2010-07-12;40
1050;297;40;2010-07-12;40
1051;297;160;2010-07-12;40
1052;297;176;2010-07-12;40
1053;237;354;2010-07-12;40
1054;237;397;2010-07-12;30
1055;237;226;2010-07-12;45
1056;237;190;2010-07-12;40
1057;237;239;2010-07-12;40
1058;237;248;2010-07-12;45
1059;237;415;2010-07-12;40
1060;237;185;2010-07-12;40
1061;237;417;2010-07-12;35
1062;237;142;2010-07-12;40
1063;237;25;2010-07-12;40
1064;237;29;2010-07-12;40
1065;237;51;2010-07-12;20
1066;148;72;2010-07-17;15
1067;148;373;2010-07-17;40
1068;148;182;2010-07-17;30
1069;302;80;2010-07-19;40
1070;302;253;2010-07-19;40
1071;302;325;2010-07-19;40
1072;302;113;2010-07-19;40
1073;44;162;2010-07-24;40
1074;185;435;2010-07-25;45
1075;16;436;2010-07-27;25
1076;37;438;2010-07-29;55
1077;51;160;2010-07-30;40
1078;51;178;2010-07-30;40
1079;302;372;2010-07-31;40
1080;16;439;2010-07-31;55
1081;37;439;2010-07-31;55
1082;51;109;2010-07-31;20
1083;51;51;2010-07-31;20
1084;51;214;2010-07-31;55
1085;51;117;2010-07-31;40
1086;148;159;2010-08-02;45
1087;148;395;2010-08-02;50
1088;302;274;2010-08-03;45
1089;302;95;2010-08-03;15
1090;302;382;2010-08-03;40
1091;302;277;2010-08-03;45
1092;302;397;2010-08-03;30
1093;332;155;2010-08-24;40
1094;295;259;2010-08-25;45
1095;295;160;2010-08-25;40
1096;295;115;2010-08-25;40
1097;268;15;2010-08-25;40
1098;80;280;2010-08-26;40
1099;80;412;2010-08-26;35
1100;80;225;2010-08-26;30
1101;80;281;2010-08-26;45
1102;80;15;2010-08-26;40
1103;80;197;2010-08-26;30
1104;295;52;2010-08-27;15
1105;295;57;2010-08-27;20
1106;295;410;2010-08-27;40
1107;295;15;2010-08-27;40
1108;295;280;2010-08-27;40
1109;295;16;2010-08-27;40
1110;295;93;2010-08-27;15
1111;295;182;2010-08-27;30
1112;295;217;2010-08-27;50
1113;295;69;2010-08-27;40
1114;295;89;2010-08-27;15
1115;295;425;2010-08-27;40
1116;295;50;2010-08-27;40
1117;153;115;2010-08-28;40
1118;336;97;2010-08-31;0
1119;16;445;2010-09-03;40
1120;44;439;2010-09-03;55
1121;302;396;2010-09-03;30
1122;44;432;2010-09-04;45
1123;297;447;2010-09-08;50
1124;297;435;2010-09-08;45
1125;297;445;2010-09-08;40
1126;297;382;2010-09-09;40
1127;297;403;2010-09-09;25
1128;297;380;2010-09-09;25
1129;297;375;2010-09-09;40
1130;297;332;2010-09-09;30
1131;51;44;2010-09-09;40
1132;51;89;2010-09-09;15
1133;51;93;2010-09-09;15
1134;16;93;2010-09-09;15
1135;339;97;2010-09-15;0
1136;339;155;2010-09-16;40
1137;339;196;2010-09-16;40
1138;339;65;2010-09-16;20
1139;339;93;2010-09-16;15
1140;339;16;2010-09-16;40
1141;339;254;2010-09-16;35
1142;339;14;2010-09-16;40
1143;339;106;2010-09-16;40
1144;339;15;2010-09-16;40
1145;339;280;2010-09-16;40
1146;339;115;2010-09-16;40
1147;339;412;2010-09-16;35
1148;339;291;2010-09-16;45
1149;339;33;2010-09-16;40
1150;339;47;2010-09-16;40
1151;339;52;2010-09-16;15
1152;339;154;2010-09-16;20
1153;339;178;2010-09-16;40
1154;339;67;2010-09-16;15
1155;339;134;2010-09-16;40
1156;339;180;2010-09-16;40
1157;339;348;2010-09-16;40
1158;339;303;2010-09-16;40
1159;339;260;2010-09-16;40
1160;339;5;2010-09-16;40
1161;339;39;2010-09-16;15
1162;339;223;2010-09-16;40
1163;339;31;2010-09-16;15
1164;339;256;2010-09-16;30
1165;339;56;2010-09-16;15
1166;268;439;2010-09-19;55
1167;339;179;2010-09-22;40
1168;339;245;2010-09-22;40
1169;339;191;2010-09-22;30
1170;339;116;2010-09-22;40
1171;339;92;2010-09-22;40
1172;339;70;2010-09-22;40
1173;339;258;2010-09-22;50
1174;339;439;2010-09-22;55
1175;339;214;2010-09-22;55
1176;339;217;2010-09-22;50
1177;339;19;2010-09-22;40
1178;339;18;2010-09-22;40
1179;339;182;2010-09-22;30
1180;339;206;2010-09-22;25
1181;339;253;2010-09-22;40
1182;339;436;2010-09-22;25
1183;339;57;2010-09-22;20
1184;339;403;2010-09-22;25
1185;339;241;2010-09-22;40
1186;339;142;2010-09-22;40
1187;339;138;2010-09-22;40
1188;339;250;2010-09-22;40
1189;339;137;2010-09-22;40
1190;339;117;2010-09-22;40
1191;339;21;2010-09-22;40
1192;339;281;2010-09-22;45
1193;339;102;2010-09-22;30
1194;339;279;2010-09-22;45
1195;339;425;2010-09-22;40
1196;339;325;2010-09-22;40
1197;339;10;2010-09-22;40
1198;11;95;2010-09-30;15
1199;343;330;2010-10-01;45
1200;44;197;2010-10-03;30
1201;16;452;2010-10-04;50
1202;346;382;2010-10-11;40
1203;51;21;2010-10-19;40
1204;16;456;2010-10-20;40
1205;260;54;2010-10-25;20
1206;260;11;2010-10-25;50
1207;260;111;2010-10-25;30
1208;260;191;2010-10-29;30
1209;260;253;2010-10-29;40
1210;260;135;2010-10-29;30
1211;352;363;2010-11-05;45
1212;16;467;2010-11-08;40
1213;343;217;2010-11-09;50
1214;343;5;2010-11-09;40
1215;343;26;2010-11-09;40
1216;343;24;2010-11-09;40
1217;185;223;2010-11-11;40
1218;71;352;2010-11-26;35
1219;44;489;2010-12-06;45
1220;16;491;2010-12-11;40
1221;356;362;2010-12-14;30
1222;134;494;2010-12-22;50
1223;273;38;2010-12-28;40
1224;273;465;2010-12-28;30
1225;273;401;2010-12-28;40
1226;273;432;2010-12-28;45
1227;273;444;2010-12-28;45
1228;273;472;2010-12-28;40
1229;273;128;2010-12-28;30
1230;273;439;2010-12-28;55
1231;273;3;2010-12-28;40
1232;364;286;2011-01-03;45
1233;364;197;2011-01-03;30
1234;368;97;2011-01-04;0
1235;366;54;2011-01-06;20
1236;366;33;2011-01-06;40
1237;343;438;2011-01-06;55
1238;368;151;2011-01-07;30
1239;368;102;2011-01-07;30
1240;368;46;2011-01-07;40
1241;368;42;2011-01-07;40
1242;368;228;2011-01-07;40
1243;368;176;2011-01-07;40
1244;368;103;2011-01-07;40
1245;368;293;2011-01-07;40
1246;44;438;2011-01-09;55
1247;366;249;2011-01-10;45
1248;369;93;2011-01-10;15
1249;44;92;2011-01-10;40
1250;368;496;2011-01-12;40
1251;368;60;2011-01-12;40
1252;368;272;2011-01-12;40
1253;368;299;2011-01-12;40
1254;369;282;2011-01-12;40
1255;368;5;2011-01-12;40
1256;369;259;2011-01-12;45
1257;369;160;2011-01-12;40
1258;369;367;2011-01-12;15
1259;369;31;2011-01-12;15
1260;369;223;2011-01-12;40
1261;369;6;2011-01-12;40
1262;369;5;2011-01-12;40
1263;369;452;2011-01-12;50
1264;369;245;2011-01-12;40
1265;369;177;2011-01-12;40
1266;369;260;2011-01-12;40
1267;369;303;2011-01-12;40
1268;369;180;2011-01-12;40
1269;369;348;2011-01-12;40
1270;369;153;2011-01-12;40
1271;369;258;2011-01-12;50
1272;369;214;2011-01-12;55
1273;369;217;2011-01-12;50
1274;369;281;2011-01-12;45
1275;369;216;2011-01-12;40
1276;369;137;2011-01-12;40
1277;369;24;2011-01-12;40
1278;364;67;2011-01-12;15
1279;364;93;2011-01-12;15
1280;364;281;2011-01-12;45
1281;364;425;2011-01-12;40
1282;273;438;2011-01-13;55
1283;273;47;2011-01-13;40
1284;273;371;2011-01-13;40
1285;273;496;2011-01-13;40
1286;273;20;2011-01-13;40
1287;80;461;2011-01-18;30
1288;80;256;2011-01-18;30
1289;80;459;2011-01-18;30
1290;80;460;2011-01-18;40
1291;80;462;2011-01-18;40
1292;80;207;2011-01-18;25
1293;371;97;2011-01-19;0
1294;59;177;2011-01-19;40
1295;59;425;2011-01-19;40
1296;59;280;2011-01-19;40
1297;59;281;2011-01-19;45
1298;362;108;2011-01-21;50
1299;371;367;2011-01-22;15
1300;371;67;2011-01-22;15
1301;371;59;2011-01-22;15
1302;371;93;2011-01-22;15
1303;371;207;2011-01-22;25
1304;371;201;2011-01-22;30
1305;371;158;2011-01-22;30
1306;371;282;2011-01-22;40
1307;371;160;2011-01-22;40
1308;371;223;2011-01-22;40
1309;371;5;2011-01-22;40
1310;371;345;2011-01-22;40
1311;371;303;2011-01-22;40
1312;371;426;2011-01-22;50
1313;371;258;2011-01-22;50
1314;369;3;2011-01-25;40
1315;369;478;2011-01-25;30
1316;369;67;2011-01-25;15
1317;369;219;2011-01-25;30
1318;369;136;2011-01-25;40
1319;369;221;2011-01-25;40
1320;369;256;2011-01-25;30
1321;369;175;2011-01-25;40
1322;369;47;2011-01-25;40
1323;369;10;2011-01-25;40
1324;369;42;2011-01-25;40
1325;369;228;2011-01-25;40
1326;369;176;2011-01-25;40
1327;369;70;2011-01-25;40
1328;369;102;2011-01-25;30
1329;369;33;2011-01-25;40
1330;369;346;2011-01-25;30
1331;369;69;2011-01-25;40
1332;369;68;2011-01-25;20
1333;369;332;2011-01-25;30
1334;369;338;2011-01-25;15
1335;369;337;2011-01-25;15
1336;369;336;2011-01-25;15
1337;369;293;2011-01-25;40
1338;369;335;2011-01-25;15
1339;369;341;2011-01-25;15
1340;369;340;2011-01-25;15
1341;369;339;2011-01-25;15
1342;369;107;2011-01-25;40
1343;369;413;2011-01-25;40
1344;369;89;2011-01-25;15
1345;308;465;2011-02-04;30
1346;308;448;2011-02-04;40
1347;308;151;2011-02-04;30
1348;308;212;2011-02-04;40
1349;308;152;2011-02-04;45
1350;308;51;2011-02-04;20
1351;308;19;2011-02-04;40
1352;308;97;2011-02-04;0
1353;308;25;2011-02-04;40
1354;308;110;2011-02-04;40
1355;308;275;2011-02-04;40
1356;308;295;2011-02-05;50
1357;373;95;2011-02-05;15
1358;373;250;2011-02-05;40
1360;373;166;2011-02-05;40
1361;373;183;2011-02-05;40
1362;380;97;2011-02-05;0
1363;371;439;2011-02-06;55
1364;371;214;2011-02-06;55
1365;371;50;2011-02-06;40
1366;371;425;2011-02-06;40
1367;371;14;2011-02-06;40
1368;371;298;2011-02-06;40
1369;371;434;2011-02-06;45
1370;371;452;2011-02-06;50
1371;371;15;2011-02-06;40
1372;298;447;2011-02-06;50
1373;298;368;2011-02-06;50
1374;379;199;2011-02-07;45
1375;379;69;2011-02-07;40
1376;379;197;2011-02-07;30
1377;379;439;2011-02-07;55
1378;379;219;2011-02-07;30
1379;379;15;2011-02-11;40
1380;11;69;2011-02-11;40
1381;379;138;2011-02-11;40
1382;343;306;2011-02-22;50
1383;273;506;2011-02-26;40
1384;273;502;2011-02-26;30
1385;379;367;2011-03-01;15
1386;379;452;2011-03-01;50
1387;379;506;2011-03-01;40
1388;379;425;2011-03-02;40
1389;386;97;2011-03-07;0
1390;388;368;2011-03-08;50
1391;387;450;2011-03-09;40
1392;387;44;2011-03-09;40
1393;387;174;2011-03-09;40
1394;387;62;2011-03-09;30
1395;387;70;2011-03-09;40
1396;387;110;2011-03-09;40
1397;387;111;2011-03-09;30
1398;387;97;2011-03-09;0
1399;389;62;2011-03-18;30
1400;388;489;2011-03-24;45
1401;388;447;2011-03-24;50
1402;388;97;2011-03-24;0
1403;392;363;2011-04-01;45
1404;369;30;2011-04-08;40
1405;394;321;2011-04-14;40
1406;395;450;2011-04-15;40
1407;395;70;2011-04-15;40
1408;395;520;2011-04-15;40
1409;273;510;2011-04-15;40
1410;273;176;2011-04-15;40
1411;369;375;2011-04-20;40
1412;399;270;2011-04-29;50
1413;401;382;2011-04-29;40
1414;380;137;2011-05-23;40
1415;380;89;2011-05-23;15
1416;380;217;2011-05-23;50
1417;380;32;2011-05-23;40
1418;380;7;2011-05-23;20
1419;380;59;2011-05-23;15
1420;380;132;2011-05-23;50
1421;380;211;2011-05-23;40
1422;373;150;2011-05-31;40
1423;373;503;2011-05-31;40
1424;373;18;2011-05-31;40
1425;373;109;2011-05-31;20
1426;373;5;2011-05-31;40
1427;373;303;2011-05-31;40
1428;373;348;2011-05-31;40
1429;373;47;2011-05-31;40
1430;373;151;2011-05-31;30
1431;373;371;2011-05-31;40
1432;373;97;2011-05-31;0
1433;373;68;2011-05-31;20
1434;373;281;2011-05-31;45
1435;373;385;2011-05-31;40
1436;373;425;2011-05-31;40
1437;373;25;2011-06-01;40
1438;373;321;2011-06-02;40
1439;409;56;2011-06-03;15
1440;409;183;2011-06-03;40
1441;409;5;2011-06-03;40
1442;409;412;2011-06-03;35
1443;409;280;2011-06-03;40
1444;409;93;2011-06-03;15
1445;409;25;2011-06-03;40
1446;409;344;2011-06-03;45
1447;409;197;2011-06-03;30
1448;409;98;2011-06-03;40
1449;409;162;2011-06-03;40
1450;409;142;2011-06-03;40
1451;409;503;2011-06-03;40
1452;409;150;2011-06-03;40
1453;409;425;2011-06-03;40
1454;409;30;2011-06-03;40
1455;373;249;2011-06-04;45
1456;373;111;2011-06-10;30
1457;373;169;2011-06-15;40
1458;373;354;2011-06-15;40
1459;373;256;2011-06-15;30
1460;373;226;2011-06-15;45
1461;373;401;2011-06-15;40
1462;373;276;2011-06-15;45
1463;373;74;2011-06-15;15
1464;416;275;2011-06-23;40
1465;422;538;2011-07-02;55
1466;422;537;2011-07-02;50
1467;422;530;2011-07-02;45
1468;422;169;2011-07-02;40
1469;369;174;2011-07-05;40
1470;369;496;2011-07-05;40
1471;369;46;2011-07-05;40
1472;302;513;2011-07-05;50
1473;273;539;2011-07-14;30
1474;273;535;2011-07-14;30
1475;373;542;2011-07-16;55
1476;373;44;2011-07-16;40
1477;379;97;2011-07-18;0
1478;380;553;2011-07-31;45
1479;11;499;2011-08-02;45
1480;425;5;2011-08-04;40
1481;425;6;2011-08-04;40
1482;425;14;2011-08-04;40
1483;425;93;2011-08-04;15
1484;425;179;2011-08-04;40
1485;425;506;2011-08-04;40
1486;425;145;2011-08-04;30
1487;425;177;2011-08-04;40
1488;425;260;2011-08-04;40
1489;425;459;2011-08-04;30
1490;425;280;2011-08-04;40
1491;425;15;2011-08-04;40
1492;425;160;2011-08-04;40
1493;425;533;2011-08-04;20
1494;425;97;2011-08-04;0
1495;427;59;2011-08-24;15
1496;427;72;2011-08-24;15
1497;11;59;2011-08-24;15
1498;427;76;2011-08-24;40
1499;429;97;2011-08-27;0
1500;430;95;2011-09-07;15
1501;430;77;2011-09-07;40
1502;430;385;2011-09-07;40
1503;364;160;2011-09-08;40
1504;364;282;2011-09-08;40
1505;364;223;2011-09-08;40
1506;364;502;2011-09-08;30
1507;364;150;2011-09-08;40
1508;364;59;2011-09-08;15
1509;379;26;2011-10-01;40
1510;434;14;2011-10-12;40
1511;434;151;2011-10-12;30
1512;434;137;2011-10-12;40
1513;237;526;2011-10-15;40
1514;237;510;2011-10-17;40
1515;237;418;2011-10-17;40
1516;237;325;2011-10-17;40
1517;237;317;2011-10-17;50
1518;237;80;2011-10-17;40
1519;237;468;2011-10-17;40
1520;237;540;2011-10-17;45
1521;237;560;2011-10-18;45
1522;237;441;2011-10-18;40
1523;237;110;2011-10-18;40
1524;237;275;2011-10-18;40
1525;237;272;2011-10-18;40
1526;436;270;2011-10-18;50
1527;434;498;2011-10-20;45
1528;434;115;2011-10-20;40
1529;237;95;2011-10-21;15
1530;237;229;2011-10-21;40
1531;237;435;2011-10-21;45
1532;434;92;2011-10-21;40
1533;438;444;2011-10-24;45
1534;416;503;2011-11-03;40
1535;441;224;2011-11-12;40
1536;416;97;2011-11-18;0
1537;416;562;2011-11-18;15
1538;416;217;2011-11-18;50
1539;438;65;2011-11-22;20
1540;438;344;2011-11-22;45
1541;438;52;2011-11-23;15
1542;438;138;2011-11-23;40
1543;438;57;2011-11-23;20
1544;438;367;2011-11-28;15
1545;16;573;2011-12-01;40
1546;447;564;2011-12-06;50
1547;449;97;2011-12-06;0
1548;449;569;2011-12-09;40
1549;237;546;2011-12-11;45
1550;237;111;2011-12-11;30
1551;449;178;2011-12-11;40
1552;11;568;2011-12-13;45
1553;11;561;2011-12-13;45
1554;449;225;2011-12-17;30
1555;449;26;2011-12-17;40
1556;449;52;2011-12-17;15
1557;449;478;2011-12-17;30
1558;450;104;2011-12-23;40
1559;450;32;2011-12-23;40
1560;308;438;2011-12-27;55
1561;308;107;2011-12-27;40
1562;308;8;2011-12-27;50
1563;308;557;2011-12-27;45
1564;11;97;2011-12-28;0
1565;451;223;2011-12-29;40
1566;451;14;2011-12-29;40
1567;451;6;2011-12-30;40
1568;454;285;2012-01-03;45
1569;454;307;2012-01-03;45
1570;454;489;2012-01-03;45
1571;454;176;2012-01-03;40
1572;454;498;2012-01-03;45
1573;434;410;2012-01-05;40
1574;434;97;2012-01-05;0
1575;459;573;2012-01-14;40
1576;11;49;2012-01-14;40
1577;459;49;2012-01-14;40
1578;237;567;2012-01-17;30
1579;459;174;2012-01-22;40
1580;459;3;2012-01-22;40
1581;459;32;2012-01-22;40
1582;459;56;2012-01-22;15
1583;459;104;2012-01-22;40
1584;459;256;2012-01-22;30
1585;459;196;2012-01-22;40
1586;459;46;2012-01-22;40
1587;459;228;2012-01-22;40
1588;459;58;2012-01-22;15
1589;459;10;2012-01-22;40
1590;459;44;2012-01-22;40
1591;459;239;2012-01-22;40
1592;459;473;2012-01-22;40
1593;459;176;2012-01-22;40
1594;459;103;2012-01-22;40
1595;459;151;2012-01-22;30
1596;459;67;2012-01-22;15
1597;459;315;2012-01-22;40
1598;459;47;2012-01-22;40
1599;459;175;2012-01-22;40
1600;459;282;2012-01-22;40
1601;459;160;2012-01-22;40
1602;459;38;2012-01-22;40
1603;459;180;2012-01-22;40
1604;438;538;2012-02-10;55
1605;438;97;2012-02-10;0
1606;462;246;2012-02-15;45
1607;308;144;2012-02-21;50
1608;308;506;2012-02-21;40
1609;308;540;2012-02-21;45
1610;308;188;2012-02-21;30
1611;369;544;2012-02-22;30
1612;369;551;2012-02-22;35
1613;369;549;2012-02-22;40
1614;369;179;2012-02-22;40
1615;369;249;2012-02-22;45
1616;369;568;2012-02-22;45
1617;438;494;2012-02-25;50
1618;438;524;2012-03-13;45
1619;462;194;2012-04-16;40
1620;463;367;2012-04-24;15
1621;463;178;2012-04-24;40
1622;463;347;2012-04-24;30
1623;463;93;2012-04-24;15
1624;463;502;2012-04-24;30
1625;463;154;2012-04-24;20
1626;33;367;2012-07-19;15
1627;33;594;2012-07-19;40
1628;33;571;2012-07-19;35
1629;33;39;2012-07-19;15
1630;33;348;2012-07-19;40
1631;33;187;2012-07-19;40
1632;33;361;2012-07-19;40
1633;33;542;2012-07-19;55
1634;33;151;2012-07-19;30
1635;33;65;2012-07-19;20
1636;33;346;2012-07-19;30
1637;33;503;2012-07-19;40
1638;434;214;2012-07-20;55
1639;434;56;2012-07-20;15
1640;479;590;2012-07-31;40
1641;479;517;2012-07-31;40
1642;11;492;2012-08-17;45
1643;16;599;2012-08-18;30
1644;44;279;2012-08-21;45
1645;302;557;2012-08-21;45
1646;148;598;2012-08-21;40
1647;148;596;2012-08-21;50
1648;37;486;2012-08-22;40
1649;37;492;2012-08-22;45
1650;387;183;2012-08-22;40
1651;37;491;2012-08-22;40
1652;37;134;2012-08-22;40
1653;37;448;2012-08-22;40
1654;37;452;2012-08-22;50
1655;237;600;2012-08-25;40
1656;237;169;2012-08-25;40
1657;237;58;2012-08-25;15
1658;37;5;2012-09-01;40
1659;30;247;2012-09-06;45
1660;30;571;2012-09-06;35
1661;30;465;2012-09-06;30
1662;30;189;2012-09-06;40
1663;30;534;2012-09-06;50
1664;30;243;2012-09-06;45
1665;30;17;2012-09-06;50
1666;30;524;2012-09-06;45
1667;30;25;2012-09-06;40
1668;30;467;2012-09-06;40
1669;30;536;2012-09-06;40
1670;30;136;2012-09-08;40
1671;483;272;2012-09-09;40
1672;483;75;2012-09-09;40
1673;467;213;2012-09-15;40
1674;467;97;2012-09-15;0
1675;467;6;2012-09-15;40
1676;11;512;2012-09-18;40
1677;467;109;2012-09-19;20
1678;467;134;2012-09-19;40
1679;485;14;2012-10-10;40
1680;485;214;2012-10-10;55
1681;485;178;2012-10-10;40
1682;485;106;2012-10-10;40
1683;273;31;2012-10-16;15
1684;273;461;2012-10-16;30
1685;273;599;2012-10-16;30
1686;273;43;2012-10-16;40
1687;467;175;2012-10-21;40
1688;491;362;2012-10-24;30
1689;467;16;2012-10-25;40
1690;490;363;2012-10-29;45
1691;37;610;2012-11-03;40
1692;483;160;2012-11-04;40
1693;467;186;2012-11-08;40
1694;495;606;2012-11-12;50
1695;502;97;2012-11-25;0
1696;501;618;2012-11-26;40
1697;501;617;2012-11-26;40
1698;501;571;2012-11-26;35
1699;501;67;2012-11-26;15
1700;501;584;2012-11-26;25
1701;501;541;2012-11-26;50
1702;501;169;2012-11-26;40
1703;501;558;2012-11-26;45
1704;501;557;2012-11-26;45
1705;501;239;2012-11-26;40
1706;503;185;2012-12-03;40
1707;16;622;2012-12-04;40
1708;11;491;2012-12-07;40
1709;505;282;2013-01-23;40
1710;505;160;2013-01-23;40
1711;505;223;2013-01-23;40
1712;505;65;2013-01-23;20
1713;505;93;2013-01-23;15
1714;505;25;2013-01-23;40
1715;505;452;2013-01-24;50
1716;505;5;2013-01-24;40
1717;505;217;2013-01-24;50
1718;505;214;2013-01-24;55
1719;364;404;2013-01-29;30
1720;505;609;2013-01-31;40
1721;505;640;2013-02-06;50
1722;505;134;2013-02-06;40
1723;505;155;2013-02-11;40
1724;505;237;2013-02-11;30
1725;364;191;2013-02-14;30
1726;364;428;2013-02-14;50
1727;364;346;2013-02-14;30
1728;506;615;2013-02-18;35
1729;364;532;2013-02-18;20
1730;364;5;2013-02-18;40
1731;508;363;2013-03-08;45
1732;274;115;2013-03-18;40
1733;274;56;2013-03-18;15
1734;274;599;2013-03-18;30
1735;274;571;2013-03-18;35
1736;274;439;2013-03-22;55
1737;274;523;2013-04-12;50
1738;44;538;2013-04-20;55
1739;369;169;2013-05-06;40
1740;369;565;2013-05-06;45
1742;33;67;2013-06-21;15
1743;33;569;2013-06-21;40
1744;33;630;2013-06-21;45
1745;33;474;2013-06-21;40
1746;33;153;2013-06-21;40
1747;33;584;2013-06-21;25
1748;33;651;2013-06-21;30
1749;33;533;2013-06-21;20
1750;33;506;2013-06-21;40
1751;33;298;2013-06-21;40
1752;33;439;2013-06-21;55
1754;33;241;2013-06-21;40
1755;33;578;2013-06-21;40
1756;33;216;2013-06-21;40
1757;33;520;2013-06-21;40
1758;33;385;2013-06-21;40
1759;33;72;2013-06-21;15
1760;33;544;2013-06-21;30
1761;33;549;2013-06-21;40
1762;33;599;2013-06-21;30
1763;33;485;2013-06-21;30
1764;33;54;2013-06-21;20
1765;508;375;2013-08-15;40
1766;508;615;2013-08-15;35
1767;11;669;2013-08-16;55
1768;395;618;2013-08-17;40
1769;489;97;2013-08-21;0
1770;489;115;2013-08-21;40
1771;489;10;2013-08-21;40
1772;273;659;2013-08-26;40
1773;167;549;2013-09-06;40
1774;167;569;2013-09-06;40
1775;167;578;2013-09-06;40
1776;167;93;2013-09-06;15
1777;542;351;2013-09-26;45
1778;542;469;2013-09-26;40
1779;542;600;2013-09-26;40
1780;542;642;2013-09-26;45
1781;542;626;2013-09-26;50
1782;542;14;2013-09-26;40
1783;542;536;2013-09-26;40
1784;542;545;2013-09-26;45
1785;542;666;2013-09-26;40
1786;21;176;2013-10-10;40
1787;21;30;2013-10-10;40
1788;21;345;2013-10-10;40
1789;21;410;2013-10-10;40
1790;21;622;2013-10-10;40
1791;21;160;2013-10-11;40
1792;21;571;2013-10-11;35
1793;546;603;2013-10-18;45
1794;237;469;2013-10-20;40
1795;237;682;2013-11-05;45
1796;237;681;2013-11-05;45
1797;561;109;2013-11-12;20
1798;561;115;2013-11-13;40
1799;561;282;2013-11-14;40
1800;546;46;2013-11-15;40
1801;490;570;2013-11-20;25
1802;546;600;2013-11-21;40
1803;564;523;2013-11-22;50
1804;273;618;2013-11-24;40
1805;37;692;2013-11-25;45
1806;566;321;2013-11-28;40
1807;565;389;2013-12-06;40
1808;565;78;2013-12-06;40
1809;565;11;2013-12-06;50
1810;565;367;2013-12-06;15
1811;565;333;2013-12-06;15
1812;565;343;2013-12-06;15
1813;565;334;2013-12-06;15
1814;565;342;2013-12-06;15
1815;565;63;2013-12-06;15
1816;565;339;2013-12-06;15
1817;565;340;2013-12-06;15
1818;565;341;2013-12-06;15
1819;565;335;2013-12-06;15
1820;565;336;2013-12-06;15
1821;561;67;2013-12-06;15
1822;561;93;2013-12-06;15
1823;561;214;2013-12-07;55
1824;570;351;2013-12-12;45
1825;570;600;2013-12-12;40
1826;570;340;2013-12-12;15
1827;570;335;2013-12-12;15
1828;570;332;2013-12-12;30
1829;570;337;2013-12-12;15
1830;570;336;2013-12-12;15
1831;570;334;2013-12-12;15
1832;570;342;2013-12-12;15
1833;570;438;2013-12-12;55
1834;570;553;2013-12-12;45
1835;570;385;2013-12-12;40
1836;570;448;2013-12-12;40
1837;570;40;2013-12-12;40
1838;570;140;2013-12-12;50
1839;570;59;2013-12-12;15
1840;237;256;2013-12-23;30
1841;561;14;2013-12-26;40
1842;561;15;2013-12-26;40
1843;37;693;2013-12-29;55
1844;575;65;2014-01-04;20
1845;37;496;2014-01-06;40
1846;37;26;2014-01-06;40
1847;37;30;2014-01-06;40
1848;37;109;2014-01-06;20
1849;561;97;2014-01-10;0
1850;12;607;2014-01-21;50
1851;12;1;2014-01-26;40
1852;368;275;2014-01-31;40